Musterdatei;JanEggers;Stand: 07.10.2023 13:58:36
Gebietsschlüssel;Gebietsbezeichnung;Gebietstyp;Wahlbezirksnummer;Wahllokal;Wahlberechtigte;Wahlberechtigte ohne Sperrvermerk;Wahlberechtigte mit Sperrvermerk;Wahlberechtigte nach §12a(2) LWO;Wählerinnen und Wähler;Wählerinnen und Wähler mit Wahlschein;Wahlbeteiligung;Berechnungsmethode;ungültige Wahlkreisstimmen;gültige Wahlkreisstimmen;ungültige Wahlkreisstimmen (%);gültige Wahlkreisstimmen (%);CDU Wahlkreisstimmen;GRÜNE Wahlkreisstimmen;SPD Wahlkreisstimmen;AfD Wahlkreisstimmen;FDP Wahlkreisstimmen;DIE LINKE Wahlkreisstimmen;FREIE WÄHLER Wahlkreisstimmen;Tierschutzpartei Wahlkreisstimmen;Die PARTEI Wahlkreisstimmen;PIRATEN Wahlkreisstimmen;ÖDP Wahlkreisstimmen;Verjüngungsforschung Wahlkreisstimmen;V-Partei³ Wahlkreisstimmen;PdH Wahlkreisstimmen;ABG Wahlkreisstimmen;APPD Wahlkreisstimmen;dieBasis Wahlkreisstimmen;DKP Wahlkreisstimmen;DIE NEUE MITTE Wahlkreisstimmen;Volt Wahlkreisstimmen;KLIMALISTE WÄHLERL. Wahlkreisstimmen;Bündnis C Wahlkreisstimmen;WDMR Wahlkreisstimmen;BUNDESPA. KLIMALISTE Wahlkreisstimmen;MERA25 Wahlkreisstimmen;NEV Wahlkreisstimmen;PP Wahlkreisstimmen;SGV Wahlkreisstimmen;Solibew Wahlkreisstimmen;CDU Wahlkreisstimmen (%);GRÜNE Wahlkreisstimmen (%);SPD Wahlkreisstimmen (%);AfD Wahlkreisstimmen (%);FDP Wahlkreisstimmen (%);DIE LINKE Wahlkreisstimmen (%);FREIE WÄHLER Wahlkreisstimmen (%);Tierschutzpartei Wahlkreisstimmen (%);Die PARTEI Wahlkreisstimmen (%);PIRATEN Wahlkreisstimmen (%);ÖDP Wahlkreisstimmen (%);Verjüngungsforschung Wahlkreisstimmen (%);V-Partei³ Wahlkreisstimmen (%);PdH Wahlkreisstimmen (%);ABG Wahlkreisstimmen (%);APPD Wahlkreisstimmen (%);dieBasis Wahlkreisstimmen (%);DKP Wahlkreisstimmen (%);DIE NEUE MITTE Wahlkreisstimmen (%);Volt Wahlkreisstimmen (%);KLIMALISTE WÄHLERL. Wahlkreisstimmen (%);Bündnis C Wahlkreisstimmen (%);WDMR Wahlkreisstimmen (%);BUNDESPA. KLIMALISTE Wahlkreisstimmen (%);MERA25 Wahlkreisstimmen (%);NEV Wahlkreisstimmen (%);PP Wahlkreisstimmen (%);SGV Wahlkreisstimmen (%);Solibew Wahlkreisstimmen (%);ungültige Landesstimmen;gültige Landesstimmen;ungültige Landesstimmen (%);gültige Landesstimmen (%);CDU Landesstimmen;GRÜNE Landesstimmen;SPD Landesstimmen;AfD Landesstimmen;FDP Landesstimmen;DIE LINKE Landesstimmen;FREIE WÄHLER Landesstimmen;Tierschutzpartei Landesstimmen;Die PARTEI Landesstimmen;PIRATEN Landesstimmen;ÖDP Landesstimmen;Verjüngungsforschung Landesstimmen;V-Partei³ Landesstimmen;PdH Landesstimmen;ABG Landesstimmen;APPD Landesstimmen;dieBasis Landesstimmen;DKP Landesstimmen;DIE NEUE MITTE Landesstimmen;Volt Landesstimmen;KLIMALISTE WÄHLERL. Landesstimmen;Bündnis C Landesstimmen;WDMR Landesstimmen;BUNDESPA. KLIMALISTE Landesstimmen;MERA25 Landesstimmen;NEV Landesstimmen;PP Landesstimmen;SGV Landesstimmen;Solibew Landesstimmen;CDU Landesstimmen (%);GRÜNE Landesstimmen (%);SPD Landesstimmen (%);AfD Landesstimmen (%);FDP Landesstimmen (%);DIE LINKE Landesstimmen (%);FREIE WÄHLER Landesstimmen (%);Tierschutzpartei Landesstimmen (%);Die PARTEI Landesstimmen (%);PIRATEN Landesstimmen (%);ÖDP Landesstimmen (%);Verjüngungsforschung Landesstimmen (%);V-Partei³ Landesstimmen (%);PdH Landesstimmen (%);ABG Landesstimmen (%);APPD Landesstimmen (%);dieBasis Landesstimmen (%);DKP Landesstimmen (%);DIE NEUE MITTE Landesstimmen (%);Volt Landesstimmen (%);KLIMALISTE WÄHLERL. Landesstimmen (%);Bündnis C Landesstimmen (%);WDMR Landesstimmen (%);BUNDESPA. KLIMALISTE Landesstimmen (%);MERA25 Landesstimmen (%);NEV Landesstimmen (%);PP Landesstimmen (%);SGV Landesstimmen (%);Solibew Landesstimmen (%);Wahlkreis gewonnen: Name;Wahlkreis gewonnen: Vorname;Wahlkreis gewonnen: Titel;Wahlkreis gewonnen: Wahlvorschlag;Anzahl Wahlbezirke;Anzahl Wahlbezirke ausgezählt;Letzte Änderung;freigegeben;Nummer aufnehmender Wahlbezirk;Name aufnehmender Wahlbezirk;Aufnahme Wahlbezirk
00000000000;Hessen;LD;NA;NA;4372788;NA;NA;NA;323492;78895;406,16131633055801;NA;7644;315848;0;0;92542;56796;73567;39744;22520;18004;NA;NA;NA;NA;NA;NA;NA;NA;NA;NA;NA;NA;NA;NA;NA;NA;NA;NA;NA;NA;NA;NA;NA;NA;NA;NA;NA;NA;NA;NA;NA;NA;NA;NA;NA;NA;NA;NA;NA;NA;NA;NA;NA;NA;NA;NA;NA;NA;NA;NA;NA;NA;6743;316749;0;0;85276;62577;62570;41553;23681;19847;9359;3054;1981;1246;802;NA;NA;NA;NA;NA;NA;NA;NA;NA;NA;NA;NA;NA;NA;NA;NA;NA;NA;NA;NA;NA;NA;NA;NA;NA;NA;NA;NA;NA;NA;NA;NA;NA;NA;NA;NA;NA;NA;NA;NA;NA;NA;NA;NA;NA;NA;NA;NA;NA;NA;NA;6960;735;NA;0;NA;NA;NA
00100000000;Kassel-Land I;WK;NA;NA;90524;NA;NA;NA;6752;1609;7,45879545755822;NA;190;6562;0;0;1421;787;1995;732;362;271;354;NA;NA;NA;NA;NA;NA;NA;NA;NA;NA;NA;NA;NA;NA;NA;NA;NA;NA;NA;NA;NA;NA;NA;NA;NA;NA;NA;NA;NA;NA;NA;NA;NA;NA;NA;NA;NA;NA;NA;NA;NA;NA;NA;NA;NA;NA;NA;NA;NA;NA;NA;178;6574;0;0;1385;903;1747;780;389;312;257;55;26;21;6;NA;NA;NA;NA;NA;NA;NA;NA;NA;NA;NA;NA;NA;NA;NA;NA;NA;NA;NA;NA;NA;NA;NA;NA;NA;NA;NA;NA;NA;NA;NA;NA;NA;NA;NA;NA;NA;NA;NA;NA;NA;NA;NA;NA;NA;NA;NA;NA;NA;NA;NA;135;14;NA;0;NA;NA;NA
00200000000;Kassel-Land II;WK;NA;NA;95770;NA;NA;NA;7195;1701;7,51279106191918;NA;219;6976;0;0;1392;901;2244;750;373;351;NA;NA;NA;NA;NA;NA;NA;NA;NA;NA;NA;NA;NA;NA;NA;NA;NA;NA;NA;NA;NA;NA;NA;NA;NA;NA;NA;NA;NA;NA;NA;NA;NA;NA;NA;NA;NA;NA;NA;NA;NA;NA;NA;NA;NA;NA;NA;NA;NA;NA;NA;NA;197;6998;0;0;1326;1030;1894;765;365;344;138;58;23;24;6;NA;NA;NA;NA;NA;NA;NA;NA;NA;NA;NA;NA;NA;NA;NA;NA;NA;NA;NA;NA;NA;NA;NA;NA;NA;NA;NA;NA;NA;NA;NA;NA;NA;NA;NA;NA;NA;NA;NA;NA;NA;NA;NA;NA;NA;NA;NA;NA;NA;NA;NA;111;12;NA;0;NA;NA;NA
00300000000;Kassel-Stadt I;WK;NA;NA;70982;NA;NA;NA;5374;1363;7,57093347609253;NA;100;5274;0;0;1151;1410;1228;456;281;512;121;NA;49;41;NA;NA;NA;NA;NA;NA;NA;NA;NA;NA;NA;NA;NA;NA;NA;NA;NA;NA;NA;NA;NA;NA;NA;NA;NA;NA;NA;NA;NA;NA;NA;NA;NA;NA;NA;NA;NA;NA;NA;NA;NA;NA;NA;NA;NA;NA;NA;NA;89;5285;0;0;1078;1491;1078;475;313;582;92;35;33;29;14;NA;NA;NA;NA;NA;NA;NA;NA;NA;NA;NA;NA;NA;NA;NA;NA;NA;NA;NA;NA;NA;NA;NA;NA;NA;NA;NA;NA;NA;NA;NA;NA;NA;NA;NA;NA;NA;NA;NA;NA;NA;NA;NA;NA;NA;NA;NA;NA;NA;NA;NA;127;13;NA;0;NA;NA;NA
00400000000;Kassel-Stadt II;WK;NA;NA;68040;NA;NA;NA;4135;954;6,07730746619635;NA;105;4030;0;0;736;826;1072;501;198;478;112;NA;56;46;NA;NA;NA;NA;NA;NA;NA;NA;NA;NA;NA;NA;NA;NA;NA;NA;NA;NA;NA;NA;NA;NA;NA;NA;NA;NA;NA;NA;NA;NA;NA;NA;NA;NA;NA;NA;NA;NA;NA;NA;NA;NA;NA;NA;NA;NA;NA;NA;99;4036;0;0;732;864;912;517;218;503;91;34;37;34;13;NA;NA;NA;NA;NA;NA;NA;NA;NA;NA;NA;NA;NA;NA;NA;NA;NA;NA;NA;NA;NA;NA;NA;NA;NA;NA;NA;NA;NA;NA;NA;NA;NA;NA;NA;NA;NA;NA;NA;NA;NA;NA;NA;NA;NA;NA;NA;NA;NA;NA;NA;115;12;NA;0;NA;NA;NA
00500000000;Waldeck-Frankenberg I;WK;NA;NA;61702;NA;NA;NA;4405;1046;7,13915270169525;NA;105;4300;0;0;1657;666;1150;572;460;174;161;NA;NA;NA;NA;NA;NA;NA;NA;NA;NA;NA;NA;NA;NA;NA;NA;NA;NA;NA;NA;NA;NA;NA;NA;NA;NA;NA;NA;NA;NA;NA;NA;NA;NA;NA;NA;NA;NA;NA;NA;NA;NA;NA;NA;NA;NA;NA;NA;NA;NA;NA;104;4301;0;0;1474;796;1072;610;418;210;154;36;17;17;4;NA;NA;NA;NA;NA;NA;NA;NA;NA;NA;NA;NA;NA;NA;NA;NA;NA;NA;NA;NA;NA;NA;NA;NA;NA;NA;NA;NA;NA;NA;NA;NA;NA;NA;NA;NA;NA;NA;NA;NA;NA;NA;NA;NA;NA;NA;NA;NA;NA;NA;NA;156;17;NA;0;NA;NA;NA
00600000000;Waldeck-Frankenberg II;WK;NA;NA;60971;NA;NA;NA;4240;837;6,95412573190533;NA;91;4149;0;0;1478;653;1297;619;292;191;189;NA;NA;NA;NA;NA;NA;NA;NA;NA;NA;NA;NA;NA;NA;NA;NA;NA;NA;NA;NA;NA;NA;NA;NA;NA;NA;NA;NA;NA;NA;NA;NA;NA;NA;NA;NA;NA;NA;NA;NA;NA;NA;NA;NA;NA;NA;NA;NA;NA;NA;NA;101;4139;0;0;1367;784;1075;662;335;218;147;31;19;20;6;NA;NA;NA;NA;NA;NA;NA;NA;NA;NA;NA;NA;NA;NA;NA;NA;NA;NA;NA;NA;NA;NA;NA;NA;NA;NA;NA;NA;NA;NA;NA;NA;NA;NA;NA;NA;NA;NA;NA;NA;NA;NA;NA;NA;NA;NA;NA;NA;NA;NA;NA;148;16;NA;0;NA;NA;NA
00700000000;Schwalm-Eder I;WK;NA;NA;70812;NA;NA;NA;5497;1130;7,76280856352031;NA;166;5331;0;0;1245;764;1901;674;382;259;275;NA;NA;NA;NA;NA;NA;NA;NA;NA;NA;NA;NA;NA;NA;NA;NA;NA;NA;NA;NA;NA;NA;NA;NA;NA;NA;NA;NA;NA;NA;NA;NA;NA;NA;NA;NA;NA;NA;NA;NA;NA;NA;NA;NA;NA;NA;NA;NA;NA;NA;NA;162;5335;0;0;1167;904;1671;705;378;277;235;54;23;24;6;NA;NA;NA;NA;NA;NA;NA;NA;NA;NA;NA;NA;NA;NA;NA;NA;NA;NA;NA;NA;NA;NA;NA;NA;NA;NA;NA;NA;NA;NA;NA;NA;NA;NA;NA;NA;NA;NA;NA;NA;NA;NA;NA;NA;NA;NA;NA;NA;NA;NA;NA;142;15;NA;0;NA;NA;NA
00800000000;Schwalm-Eder II;WK;NA;NA;71320;NA;NA;NA;5267;1169;7,38502523836231;NA;170;5097;0;0;1289;556;1490;806;411;222;321;NA;NA;NA;NA;NA;NA;NA;NA;NA;NA;NA;NA;NA;NA;NA;NA;NA;NA;NA;NA;NA;NA;NA;NA;NA;NA;NA;NA;NA;NA;NA;NA;NA;NA;NA;NA;NA;NA;NA;NA;NA;NA;NA;NA;NA;NA;NA;NA;NA;NA;NA;156;5111;0;0;1217;691;1333;853;362;224;277;44;23;21;3;NA;NA;NA;NA;NA;NA;NA;NA;NA;NA;NA;NA;NA;NA;NA;NA;NA;NA;NA;NA;NA;NA;NA;NA;NA;NA;NA;NA;NA;NA;NA;NA;NA;NA;NA;NA;NA;NA;NA;NA;NA;NA;NA;NA;NA;NA;NA;NA;NA;NA;NA;188;20;NA;0;NA;NA;NA
00900000000;Eschwege-Witzenhausen;WK;NA;NA;60432;NA;NA;NA;4291;1119;7,10054275880328;NA;124;4167;0;0;1157;661;1301;527;231;249;245;NA;NA;NA;NA;NA;NA;NA;NA;NA;NA;NA;NA;NA;NA;NA;NA;NA;NA;NA;NA;NA;NA;NA;NA;NA;NA;NA;NA;NA;NA;NA;NA;NA;NA;NA;NA;NA;NA;NA;NA;NA;NA;NA;NA;NA;NA;NA;NA;NA;NA;NA;119;4172;0;0;1067;744;1175;554;251;261;205;35;20;14;8;NA;NA;NA;NA;NA;NA;NA;NA;NA;NA;NA;NA;NA;NA;NA;NA;NA;NA;NA;NA;NA;NA;NA;NA;NA;NA;NA;NA;NA;NA;NA;NA;NA;NA;NA;NA;NA;NA;NA;NA;NA;NA;NA;NA;NA;NA;NA;NA;NA;NA;NA;129;14;NA;0;NA;NA;NA
01000000000;Rotenburg;WK;NA;NA;60446;NA;NA;NA;4534;1002;7,50090990305396;NA;132;4402;0;0;1485;433;1419;652;236;192;252;NA;NA;NA;NA;NA;NA;NA;NA;NA;NA;NA;NA;NA;NA;NA;NA;NA;NA;NA;NA;NA;NA;NA;NA;NA;NA;NA;NA;NA;NA;NA;NA;NA;NA;NA;NA;NA;NA;NA;NA;NA;NA;NA;NA;NA;NA;NA;NA;NA;NA;NA;133;4401;0;0;1280;591;1299;691;263;209;210;38;18;14;7;NA;NA;NA;NA;NA;NA;NA;NA;NA;NA;NA;NA;NA;NA;NA;NA;NA;NA;NA;NA;NA;NA;NA;NA;NA;NA;NA;NA;NA;NA;NA;NA;NA;NA;NA;NA;NA;NA;NA;NA;NA;NA;NA;NA;NA;NA;NA;NA;NA;NA;NA;171;18;NA;0;NA;NA;NA
01100000000;Hersfeld;WK;NA;NA;60235;NA;NA;NA;4403;1095;7,30970366066241;NA;117;4286;0;0;1282;523;1345;758;315;166;235;NA;4;NA;NA;NA;NA;NA;NA;NA;NA;NA;NA;NA;NA;NA;NA;NA;NA;NA;NA;NA;NA;NA;NA;NA;NA;NA;NA;NA;NA;NA;NA;NA;NA;NA;NA;NA;NA;NA;NA;NA;NA;NA;NA;NA;NA;NA;NA;NA;NA;NA;107;4296;0;0;1261;586;1147;795;331;196;190;36;21;12;8;NA;NA;NA;NA;NA;NA;NA;NA;NA;NA;NA;NA;NA;NA;NA;NA;NA;NA;NA;NA;NA;NA;NA;NA;NA;NA;NA;NA;NA;NA;NA;NA;NA;NA;NA;NA;NA;NA;NA;NA;NA;NA;NA;NA;NA;NA;NA;NA;NA;NA;NA;165;18;NA;0;NA;NA;NA
01200000000;Marburg-Biedenkopf I;WK;NA;NA;85171;NA;NA;NA;6401;1209;7,51546888025267;NA;151;6250;0;0;2312;764;1829;948;364;372;NA;NA;2;3;53;NA;NA;NA;NA;NA;NA;NA;NA;NA;NA;NA;NA;NA;NA;NA;NA;NA;NA;NA;NA;NA;NA;NA;NA;NA;NA;NA;NA;NA;NA;NA;NA;NA;NA;NA;NA;NA;NA;NA;NA;NA;NA;NA;NA;NA;NA;NA;127;6274;0;0;1880;987;1600;987;415;402;181;64;28;22;26;NA;NA;NA;NA;NA;NA;NA;NA;NA;NA;NA;NA;NA;NA;NA;NA;NA;NA;NA;NA;NA;NA;NA;NA;NA;NA;NA;NA;NA;NA;NA;NA;NA;NA;NA;NA;NA;NA;NA;NA;NA;NA;NA;NA;NA;NA;NA;NA;NA;NA;NA;187;20;NA;0;NA;NA;NA
01300000000;Marburg-Biedenkopf II;WK;NA;NA;96283;NA;NA;NA;7251;1639;7,53092446226229;NA;145;7106;0;0;1918;1221;1683;681;352;674;NA;NA;63;59;37;NA;NA;NA;NA;NA;NA;NA;NA;NA;NA;NA;NA;NA;NA;NA;NA;NA;NA;NA;NA;NA;NA;NA;NA;NA;NA;NA;NA;NA;NA;NA;NA;NA;NA;NA;NA;NA;NA;NA;NA;NA;NA;NA;NA;NA;NA;NA;118;7133;0;0;1684;1444;1370;742;408;717;113;46;50;37;28;NA;NA;NA;NA;NA;NA;NA;NA;NA;NA;NA;NA;NA;NA;NA;NA;NA;NA;NA;NA;NA;NA;NA;NA;NA;NA;NA;NA;NA;NA;NA;NA;NA;NA;NA;NA;NA;NA;NA;NA;NA;NA;NA;NA;NA;NA;NA;NA;NA;NA;NA;164;18;NA;0;NA;NA;NA
01400000000;Fulda I;WK;NA;NA;78232;NA;NA;NA;5647;1184;7,21827385213212;NA;117;5530;0;0;2099;774;567;803;338;208;153;NA;65;NA;NA;NA;NA;NA;NA;NA;NA;NA;NA;NA;NA;NA;NA;NA;NA;NA;NA;NA;NA;NA;NA;NA;NA;NA;NA;NA;NA;NA;NA;NA;NA;NA;NA;NA;NA;NA;NA;NA;NA;NA;NA;NA;NA;NA;NA;NA;NA;NA;114;5533;0;0;1824;827;567;845;387;236;128;37;39;15;20;NA;NA;NA;NA;NA;NA;NA;NA;NA;NA;NA;NA;NA;NA;NA;NA;NA;NA;NA;NA;NA;NA;NA;NA;NA;NA;NA;NA;NA;NA;NA;NA;NA;NA;NA;NA;NA;NA;NA;NA;NA;NA;NA;NA;NA;NA;NA;NA;NA;NA;NA;147;16;NA;0;NA;NA;NA
01500000000;Fulda II;WK;NA;NA;85109;NA;NA;NA;6804;1388;7,99445417053426;NA;144;6660;0;0;2745;866;872;1128;472;258;315;NA;NA;NA;NA;NA;NA;NA;NA;NA;NA;NA;NA;NA;NA;NA;NA;NA;NA;NA;NA;NA;NA;NA;NA;NA;NA;NA;NA;NA;NA;NA;NA;NA;NA;NA;NA;NA;NA;NA;NA;NA;NA;NA;NA;NA;NA;NA;NA;NA;NA;NA;136;6668;0;0;2475;980;827;1211;500;233;233;54;36;20;17;NA;NA;NA;NA;NA;NA;NA;NA;NA;NA;NA;NA;NA;NA;NA;NA;NA;NA;NA;NA;NA;NA;NA;NA;NA;NA;NA;NA;NA;NA;NA;NA;NA;NA;NA;NA;NA;NA;NA;NA;NA;NA;NA;NA;NA;NA;NA;NA;NA;NA;NA;191;20;NA;0;NA;NA;NA
01600000000;Lahn-Dill I;WK;NA;NA;91206;NA;NA;NA;6010;1024;6,58947876236213;NA;176;5834;0;0;2058;737;1314;920;471;245;NA;NA;NA;NA;85;NA;NA;NA;NA;NA;NA;NA;NA;NA;NA;NA;NA;NA;NA;NA;NA;NA;NA;NA;NA;NA;NA;NA;NA;NA;NA;NA;NA;NA;NA;NA;NA;NA;NA;NA;NA;NA;NA;NA;NA;NA;NA;NA;NA;NA;NA;NA;125;5885;0;0;1956;755;1189;941;373;241;166;50;44;19;43;NA;NA;NA;NA;NA;NA;NA;NA;NA;NA;NA;NA;NA;NA;NA;NA;NA;NA;NA;NA;NA;NA;NA;NA;NA;NA;NA;NA;NA;NA;NA;NA;NA;NA;NA;NA;NA;NA;NA;NA;NA;NA;NA;NA;NA;NA;NA;NA;NA;NA;NA;141;15;NA;0;NA;NA;NA
01700000000;Lahn-Dill II;WK;NA;NA;98085;NA;NA;NA;6776;1497;6,90829382678289;NA;163;6613;0;0;1840;978;1489;949;438;271;266;NA;98;NA;NA;NA;NA;NA;NA;NA;NA;NA;NA;NA;NA;NA;NA;NA;NA;NA;NA;NA;NA;NA;NA;NA;NA;NA;NA;NA;NA;NA;NA;NA;NA;NA;NA;NA;NA;NA;NA;NA;NA;NA;NA;NA;NA;NA;NA;NA;NA;NA;140;6636;0;0;1775;1058;1364;962;416;318;219;58;66;18;13;NA;NA;NA;NA;NA;NA;NA;NA;NA;NA;NA;NA;NA;NA;NA;NA;NA;NA;NA;NA;NA;NA;NA;NA;NA;NA;NA;NA;NA;NA;NA;NA;NA;NA;NA;NA;NA;NA;NA;NA;NA;NA;NA;NA;NA;NA;NA;NA;NA;NA;NA;130;14;NA;0;NA;NA;NA
01800000000;Gießen I;WK;NA;NA;97045;NA;NA;NA;7277;1849;7,49858313153692;NA;140;7137;0;0;1609;1376;1716;706;343;532;243;NA;113;NA;NA;NA;NA;NA;NA;NA;NA;NA;NA;NA;NA;NA;NA;NA;NA;NA;NA;NA;NA;NA;NA;NA;NA;NA;NA;NA;NA;NA;NA;NA;NA;NA;NA;NA;NA;NA;NA;NA;NA;NA;NA;NA;NA;NA;NA;NA;NA;NA;119;7158;0;0;1583;1504;1358;721;403;604;183;61;72;32;38;NA;NA;NA;NA;NA;NA;NA;NA;NA;NA;NA;NA;NA;NA;NA;NA;NA;NA;NA;NA;NA;NA;NA;NA;NA;NA;NA;NA;NA;NA;NA;NA;NA;NA;NA;NA;NA;NA;NA;NA;NA;NA;NA;NA;NA;NA;NA;NA;NA;NA;NA;121;13;NA;0;NA;NA;NA
01900000000;Gießen II;WK;NA;NA;93975;NA;NA;NA;7268;1673;7,73397180101091;NA;136;7132;0;0;2452;892;1938;991;381;289;354;NA;4;NA;NA;NA;NA;NA;NA;NA;NA;NA;NA;NA;NA;NA;NA;NA;NA;NA;NA;NA;NA;NA;NA;NA;NA;NA;NA;NA;NA;NA;NA;NA;NA;NA;NA;NA;NA;NA;NA;NA;NA;NA;NA;NA;NA;NA;NA;NA;NA;NA;159;7109;0;0;2063;1226;1581;1037;456;354;320;69;50;23;13;NA;NA;NA;NA;NA;NA;NA;NA;NA;NA;NA;NA;NA;NA;NA;NA;NA;NA;NA;NA;NA;NA;NA;NA;NA;NA;NA;NA;NA;NA;NA;NA;NA;NA;NA;NA;NA;NA;NA;NA;NA;NA;NA;NA;NA;NA;NA;NA;NA;NA;NA;138;15;NA;0;NA;NA;NA
02000000000;Vogelsberg;WK;NA;NA;92084;NA;NA;NA;6939;1399;7,53551105512358;NA;195;6744;0;0;2138;908;1821;1086;437;314;358;NA;NA;NA;NA;NA;NA;NA;NA;NA;NA;NA;NA;NA;NA;NA;NA;NA;NA;NA;NA;NA;NA;NA;NA;NA;NA;NA;NA;NA;NA;NA;NA;NA;NA;NA;NA;NA;NA;NA;NA;NA;NA;NA;NA;NA;NA;NA;NA;NA;NA;NA;166;6773;0;0;1967;991;1622;1141;486;348;305;61;34;20;18;NA;NA;NA;NA;NA;NA;NA;NA;NA;NA;NA;NA;NA;NA;NA;NA;NA;NA;NA;NA;NA;NA;NA;NA;NA;NA;NA;NA;NA;NA;NA;NA;NA;NA;NA;NA;NA;NA;NA;NA;NA;NA;NA;NA;NA;NA;NA;NA;NA;NA;NA;244;26;NA;0;NA;NA;NA
02100000000;Limburg-Weilburg I;WK;NA;NA;64164;NA;NA;NA;4517;1278;7,03977308147871;NA;137;4380;0;0;1503;561;852;572;435;149;260;NA;44;NA;NA;NA;NA;NA;NA;NA;NA;NA;NA;NA;NA;NA;NA;NA;NA;NA;NA;NA;NA;NA;NA;NA;NA;NA;NA;NA;NA;NA;NA;NA;NA;NA;NA;NA;NA;NA;NA;NA;NA;NA;NA;NA;NA;NA;NA;NA;NA;NA;116;4401;0;0;1481;690;746;620;392;171;170;36;31;9;5;NA;NA;NA;NA;NA;NA;NA;NA;NA;NA;NA;NA;NA;NA;NA;NA;NA;NA;NA;NA;NA;NA;NA;NA;NA;NA;NA;NA;NA;NA;NA;NA;NA;NA;NA;NA;NA;NA;NA;NA;NA;NA;NA;NA;NA;NA;NA;NA;NA;NA;NA;78;8;NA;0;NA;NA;NA
02200000000;Limburg-Weilburg II;WK;NA;NA;64197;NA;NA;NA;4645;1153;7,23554060158574;NA;129;4516;0;0;1486;578;1319;662;336;177;225;NA;2;NA;NA;NA;NA;NA;NA;NA;NA;NA;NA;NA;NA;NA;NA;NA;NA;NA;NA;NA;NA;NA;NA;NA;NA;NA;NA;NA;NA;NA;NA;NA;NA;NA;NA;NA;NA;NA;NA;NA;NA;NA;NA;NA;NA;NA;NA;NA;NA;NA;123;4522;0;0;1440;729;1044;688;348;201;193;48;28;16;5;NA;NA;NA;NA;NA;NA;NA;NA;NA;NA;NA;NA;NA;NA;NA;NA;NA;NA;NA;NA;NA;NA;NA;NA;NA;NA;NA;NA;NA;NA;NA;NA;NA;NA;NA;NA;NA;NA;NA;NA;NA;NA;NA;NA;NA;NA;NA;NA;NA;NA;NA;124;13;NA;0;NA;NA;NA
02300000000;Hochtaunus I;WK;NA;NA;85720;NA;NA;NA;6734;1822;7,85580961269249;NA;125;6609;0;0;2472;1371;1046;739;592;314;NA;NA;NA;72;NA;NA;NA;NA;NA;NA;NA;NA;NA;NA;NA;NA;NA;NA;NA;NA;NA;NA;NA;NA;NA;NA;NA;NA;NA;NA;NA;NA;NA;NA;NA;NA;NA;NA;NA;NA;NA;NA;NA;NA;NA;NA;NA;NA;NA;NA;NA;NA;104;6630;0;0;2154;1439;955;769;647;318;136;61;31;31;12;NA;NA;NA;NA;NA;NA;NA;NA;NA;NA;NA;NA;NA;NA;NA;NA;NA;NA;NA;NA;NA;NA;NA;NA;NA;NA;NA;NA;NA;NA;NA;NA;NA;NA;NA;NA;NA;NA;NA;NA;NA;NA;NA;NA;NA;NA;NA;NA;NA;NA;NA;128;14;NA;0;NA;NA;NA
02400000000;Hochtaunus II;WK;NA;NA;77298;NA;NA;NA;6287;1783;8,13345752800849;NA;107;6180;0;0;2068;1335;929;625;885;229;NA;51;NA;54;NA;NA;NA;NA;NA;NA;NA;NA;NA;NA;NA;NA;NA;NA;NA;NA;NA;NA;NA;NA;NA;NA;NA;NA;NA;NA;NA;NA;NA;NA;NA;NA;NA;NA;NA;NA;NA;NA;NA;NA;NA;NA;NA;NA;NA;NA;NA;NA;88;6199;0;0;1969;1415;866;652;722;273;121;59;24;23;10;NA;NA;NA;NA;NA;NA;NA;NA;NA;NA;NA;NA;NA;NA;NA;NA;NA;NA;NA;NA;NA;NA;NA;NA;NA;NA;NA;NA;NA;NA;NA;NA;NA;NA;NA;NA;NA;NA;NA;NA;NA;NA;NA;NA;NA;NA;NA;NA;NA;NA;NA;115;12;NA;0;NA;NA;NA
02500000000;Wetterau I;WK;NA;NA;80537;NA;NA;NA;6322;1668;7,84980816270782;NA;138;6184;0;0;1877;1302;1259;663;491;261;249;NA;77;NA;NA;NA;NA;NA;NA;NA;NA;NA;NA;NA;NA;NA;NA;NA;NA;NA;NA;NA;NA;NA;NA;NA;NA;NA;NA;NA;NA;NA;NA;NA;NA;NA;NA;NA;NA;NA;NA;NA;NA;NA;NA;NA;NA;NA;NA;NA;NA;NA;118;6204;0;0;1811;1411;1066;710;470;322;199;62;44;18;12;NA;NA;NA;NA;NA;NA;NA;NA;NA;NA;NA;NA;NA;NA;NA;NA;NA;NA;NA;NA;NA;NA;NA;NA;NA;NA;NA;NA;NA;NA;NA;NA;NA;NA;NA;NA;NA;NA;NA;NA;NA;NA;NA;NA;NA;NA;NA;NA;NA;NA;NA;104;11;NA;0;NA;NA;NA
02600000000;Wetterau II;WK;NA;NA;72965;NA;NA;NA;5220;1180;7,15411498663743;NA;140;5080;0;0;1787;873;1434;1115;397;265;357;NA;NA;NA;12;NA;NA;NA;NA;NA;NA;NA;NA;NA;NA;NA;NA;NA;NA;NA;NA;NA;NA;NA;NA;NA;NA;NA;NA;NA;NA;NA;NA;NA;NA;NA;NA;NA;NA;NA;NA;NA;NA;NA;NA;NA;NA;NA;NA;NA;NA;NA;130;5090;0;0;1631;954;1267;1118;420;288;266;86;40;22;20;NA;NA;NA;NA;NA;NA;NA;NA;NA;NA;NA;NA;NA;NA;NA;NA;NA;NA;NA;NA;NA;NA;NA;NA;NA;NA;NA;NA;NA;NA;NA;NA;NA;NA;NA;NA;NA;NA;NA;NA;NA;NA;NA;NA;NA;NA;NA;NA;NA;NA;NA;144;15;NA;0;NA;NA;NA
02700000000;Wetterau III;WK;NA;NA;70745;NA;NA;NA;5298;1407;7,48886847127006;NA;136;5162;0;0;1734;912;1305;759;417;238;295;NA;NA;NA;NA;NA;NA;NA;NA;NA;NA;NA;NA;NA;NA;NA;NA;NA;NA;NA;NA;NA;NA;NA;NA;NA;NA;NA;NA;NA;NA;NA;NA;NA;NA;NA;NA;NA;NA;NA;NA;NA;NA;NA;NA;NA;NA;NA;NA;NA;NA;NA;118;5180;0;0;1618;1052;1122;771;426;264;229;55;31;18;13;NA;NA;NA;NA;NA;NA;NA;NA;NA;NA;NA;NA;NA;NA;NA;NA;NA;NA;NA;NA;NA;NA;NA;NA;NA;NA;NA;NA;NA;NA;NA;NA;NA;NA;NA;NA;NA;NA;NA;NA;NA;NA;NA;NA;NA;NA;NA;NA;NA;NA;NA;98;10;NA;0;NA;NA;NA
02800000000;Rheingau-Taunus I;WK;NA;NA;65564;NA;NA;NA;5121;1443;7,81068879263010;NA;132;4989;0;0;1733;880;1105;621;423;224;NA;NA;NA;NA;NA;NA;NA;NA;NA;NA;NA;NA;NA;NA;NA;NA;NA;NA;NA;NA;NA;NA;NA;NA;NA;NA;NA;NA;NA;NA;NA;NA;NA;NA;NA;NA;NA;NA;NA;NA;NA;NA;NA;NA;NA;NA;NA;NA;NA;NA;NA;NA;106;5015;0;0;1577;1032;857;634;414;231;111;49;31;15;10;NA;NA;NA;NA;NA;NA;NA;NA;NA;NA;NA;NA;NA;NA;NA;NA;NA;NA;NA;NA;NA;NA;NA;NA;NA;NA;NA;NA;NA;NA;NA;NA;NA;NA;NA;NA;NA;NA;NA;NA;NA;NA;NA;NA;NA;NA;NA;NA;NA;NA;NA;114;12;NA;0;NA;NA;NA
02900000000;Rheingau-Taunus II;WK;NA;NA;72079;NA;NA;NA;5804;1597;8,05227597497191;NA;123;5681;0;0;1978;1091;1126;712;484;287;NA;NA;NA;NA;NA;NA;NA;NA;NA;NA;NA;NA;NA;NA;NA;NA;NA;NA;NA;NA;NA;NA;NA;NA;NA;NA;NA;NA;NA;NA;NA;NA;NA;NA;NA;NA;NA;NA;NA;NA;NA;NA;NA;NA;NA;NA;NA;NA;NA;NA;NA;NA;99;5705;0;0;1654;1167;969;751;514;306;154;62;33;16;11;NA;NA;NA;NA;NA;NA;NA;NA;NA;NA;NA;NA;NA;NA;NA;NA;NA;NA;NA;NA;NA;NA;NA;NA;NA;NA;NA;NA;NA;NA;NA;NA;NA;NA;NA;NA;NA;NA;NA;NA;NA;NA;NA;NA;NA;NA;NA;NA;NA;NA;NA;105;11;NA;0;NA;NA;NA
03000000000;Wiesbaden I;WK;NA;NA;99055;NA;NA;NA;7038;1905;7,10514360708697;NA;128;6910;0;0;1782;1440;1288;716;505;535;126;NA;73;NA;NA;NA;NA;NA;NA;NA;NA;NA;NA;NA;NA;NA;NA;NA;NA;NA;NA;NA;NA;NA;NA;NA;NA;NA;NA;NA;NA;NA;NA;NA;NA;NA;NA;NA;NA;NA;NA;NA;NA;NA;NA;NA;NA;NA;NA;NA;NA;NA;109;6929;0;0;1581;1587;1080;757;579;587;108;52;43;25;17;NA;NA;NA;NA;NA;NA;NA;NA;NA;NA;NA;NA;NA;NA;NA;NA;NA;NA;NA;NA;NA;NA;NA;NA;NA;NA;NA;NA;NA;NA;NA;NA;NA;NA;NA;NA;NA;NA;NA;NA;NA;NA;NA;NA;NA;NA;NA;NA;NA;NA;NA;113;12;NA;0;NA;NA;NA
03100000000;Wiesbaden II;WK;NA;NA;86996;NA;NA;NA;6311;1611;7,25435652213895;NA;141;6170;0;0;1919;1266;1471;823;518;402;180;NA;13;NA;NA;NA;NA;NA;NA;NA;NA;NA;NA;NA;NA;NA;NA;NA;NA;NA;NA;NA;NA;NA;NA;NA;NA;NA;NA;NA;NA;NA;NA;NA;NA;NA;NA;NA;NA;NA;NA;NA;NA;NA;NA;NA;NA;NA;NA;NA;NA;NA;120;6191;0;0;1769;1408;1241;847;572;421;149;51;35;24;19;NA;NA;NA;NA;NA;NA;NA;NA;NA;NA;NA;NA;NA;NA;NA;NA;NA;NA;NA;NA;NA;NA;NA;NA;NA;NA;NA;NA;NA;NA;NA;NA;NA;NA;NA;NA;NA;NA;NA;NA;NA;NA;NA;NA;NA;NA;NA;NA;NA;NA;NA;134;14;NA;0;NA;NA;NA
03200000000;Main-Taunus I;WK;NA;NA;81290;NA;NA;NA;6572;1844;8,08463525648911;NA;120;6452;0;0;2282;1254;1205;675;557;247;228;NA;NA;NA;NA;NA;NA;NA;NA;NA;NA;NA;NA;NA;NA;NA;NA;NA;NA;NA;NA;NA;NA;NA;NA;NA;NA;NA;NA;NA;NA;NA;NA;NA;NA;NA;NA;NA;NA;NA;NA;NA;NA;NA;NA;NA;NA;NA;NA;NA;NA;NA;102;6470;0;0;2053;1467;937;728;655;282;171;52;28;21;11;NA;NA;NA;NA;NA;NA;NA;NA;NA;NA;NA;NA;NA;NA;NA;NA;NA;NA;NA;NA;NA;NA;NA;NA;NA;NA;NA;NA;NA;NA;NA;NA;NA;NA;NA;NA;NA;NA;NA;NA;NA;NA;NA;NA;NA;NA;NA;NA;NA;NA;NA;106;11;NA;0;NA;NA;NA
03300000000;Main-Taunus II;WK;NA;NA;83170;NA;NA;NA;6518;1694;7,83696044246724;NA;127;6391;0;0;2145;1190;1338;711;450;311;242;NA;NA;NA;NA;NA;NA;NA;NA;NA;NA;NA;NA;NA;NA;NA;NA;NA;NA;NA;NA;NA;NA;NA;NA;NA;NA;NA;NA;NA;NA;NA;NA;NA;NA;NA;NA;NA;NA;NA;NA;NA;NA;NA;NA;NA;NA;NA;NA;NA;NA;NA;113;6405;0;0;1911;1397;1037;763;535;349;199;61;33;20;17;NA;NA;NA;NA;NA;NA;NA;NA;NA;NA;NA;NA;NA;NA;NA;NA;NA;NA;NA;NA;NA;NA;NA;NA;NA;NA;NA;NA;NA;NA;NA;NA;NA;NA;NA;NA;NA;NA;NA;NA;NA;NA;NA;NA;NA;NA;NA;NA;NA;NA;NA;102;11;NA;0;NA;NA;NA
03400000000;Frankfurt am Main I;WK;NA;NA;61266;NA;NA;NA;3702;789;6,04250318284203;NA;91;3611;0;0;977;657;843;479;193;280;114;NA;64;NA;NA;NA;NA;NA;NA;NA;NA;NA;NA;NA;NA;NA;NA;NA;NA;NA;NA;NA;NA;NA;NA;NA;NA;NA;NA;NA;NA;NA;NA;NA;NA;NA;NA;NA;NA;NA;NA;NA;NA;NA;NA;NA;NA;NA;NA;NA;NA;NA;87;3615;0;0;868;714;745;502;213;324;84;40;32;16;10;NA;NA;NA;NA;NA;NA;NA;NA;NA;NA;NA;NA;NA;NA;NA;NA;NA;NA;NA;NA;NA;NA;NA;NA;NA;NA;NA;NA;NA;NA;NA;NA;NA;NA;NA;NA;NA;NA;NA;NA;NA;NA;NA;NA;NA;NA;NA;NA;NA;NA;NA;88;9;NA;0;NA;NA;NA
03500000000;Frankfurt am Main II;WK;NA;NA;65195;NA;NA;NA;4596;1148;7,04962036966025;NA;84;4512;0;0;958;1096;971;365;321;637;92;NA;68;NA;NA;NA;NA;NA;NA;NA;NA;NA;NA;NA;NA;NA;NA;NA;NA;NA;NA;NA;NA;NA;NA;NA;NA;NA;NA;NA;NA;NA;NA;NA;NA;NA;NA;NA;NA;NA;NA;NA;NA;NA;NA;NA;NA;NA;NA;NA;NA;NA;70;4526;0;0;926;1174;884;390;331;564;79;41;43;20;11;NA;NA;NA;NA;NA;NA;NA;NA;NA;NA;NA;NA;NA;NA;NA;NA;NA;NA;NA;NA;NA;NA;NA;NA;NA;NA;NA;NA;NA;NA;NA;NA;NA;NA;NA;NA;NA;NA;NA;NA;NA;NA;NA;NA;NA;NA;NA;NA;NA;NA;NA;90;9;NA;0;NA;NA;NA
03600000000;Frankfurt am Main III;WK;NA;NA;76270;NA;NA;NA;5477;1636;7,18106726104628;NA;80;5397;0;0;1474;1285;1139;411;473;430;102;NA;71;NA;NA;NA;NA;NA;NA;NA;NA;NA;NA;NA;NA;NA;NA;NA;NA;NA;NA;NA;NA;NA;NA;NA;NA;NA;NA;NA;NA;NA;NA;NA;NA;NA;NA;NA;NA;NA;NA;NA;NA;NA;NA;NA;NA;NA;NA;NA;NA;NA;65;5412;0;0;1313;1420;897;429;576;530;75;32;48;20;11;NA;NA;NA;NA;NA;NA;NA;NA;NA;NA;NA;NA;NA;NA;NA;NA;NA;NA;NA;NA;NA;NA;NA;NA;NA;NA;NA;NA;NA;NA;NA;NA;NA;NA;NA;NA;NA;NA;NA;NA;NA;NA;NA;NA;NA;NA;NA;NA;NA;NA;NA;112;12;NA;0;NA;NA;NA
03700000000;Frankfurt am Main IV;WK;NA;NA;64818;NA;NA;NA;4667;1416;7,20016044925792;NA;74;4593;0;0;1227;1190;926;385;314;366;121;NA;60;NA;NA;NA;NA;NA;NA;NA;NA;NA;NA;NA;NA;NA;NA;NA;NA;NA;NA;NA;NA;NA;NA;NA;NA;NA;NA;NA;NA;NA;NA;NA;NA;NA;NA;NA;NA;NA;NA;NA;NA;NA;NA;NA;NA;NA;NA;NA;NA;NA;67;4600;0;0;1133;1198;809;408;409;415;80;31;34;17;10;NA;NA;NA;NA;NA;NA;NA;NA;NA;NA;NA;NA;NA;NA;NA;NA;NA;NA;NA;NA;NA;NA;NA;NA;NA;NA;NA;NA;NA;NA;NA;NA;NA;NA;NA;NA;NA;NA;NA;NA;NA;NA;NA;NA;NA;NA;NA;NA;NA;NA;NA;88;9;NA;0;NA;NA;NA
03800000000;Frankfurt am Main V;WK;NA;NA;71055;NA;NA;NA;5649;1546;7,95017943846316;NA;79;5570;0;0;1099;1962;1123;302;345;618;NA;NA;79;38;NA;NA;NA;NA;NA;NA;NA;NA;NA;NA;NA;NA;NA;NA;NA;NA;NA;NA;NA;NA;NA;NA;NA;NA;NA;NA;NA;NA;NA;NA;NA;NA;NA;NA;NA;NA;NA;NA;NA;NA;NA;NA;NA;NA;NA;NA;NA;NA;61;5588;0;0;1053;1824;999;318;410;746;65;36;50;20;10;NA;NA;NA;NA;NA;NA;NA;NA;NA;NA;NA;NA;NA;NA;NA;NA;NA;NA;NA;NA;NA;NA;NA;NA;NA;NA;NA;NA;NA;NA;NA;NA;NA;NA;NA;NA;NA;NA;NA;NA;NA;NA;NA;NA;NA;NA;NA;NA;NA;NA;NA;100;10;NA;0;NA;NA;NA
03900000000;Frankfurt am Main VI;WK;NA;NA;80099;NA;NA;NA;5678;1328;7,08872769947190;NA;116;5562;0;0;1461;1065;1095;488;350;370;141;NA;64;NA;NA;NA;NA;NA;NA;NA;NA;NA;NA;NA;NA;NA;NA;NA;NA;NA;NA;NA;NA;NA;NA;NA;NA;NA;NA;NA;NA;NA;NA;NA;NA;NA;NA;NA;NA;NA;NA;NA;NA;NA;NA;NA;NA;NA;NA;NA;NA;NA;96;5582;0;0;1301;1179;959;536;400;412;105;47;33;20;11;NA;NA;NA;NA;NA;NA;NA;NA;NA;NA;NA;NA;NA;NA;NA;NA;NA;NA;NA;NA;NA;NA;NA;NA;NA;NA;NA;NA;NA;NA;NA;NA;NA;NA;NA;NA;NA;NA;NA;NA;NA;NA;NA;NA;NA;NA;NA;NA;NA;NA;NA;98;10;NA;0;NA;NA;NA
04000000000;Main-Kinzig I;WK;NA;NA;97654;NA;NA;NA;7666;1806;7,85016486779855;NA;195;7471;0;0;1944;1126;1813;1078;444;308;304;NA;12;NA;62;NA;NA;NA;NA;NA;NA;NA;NA;NA;NA;NA;NA;NA;NA;NA;NA;NA;NA;NA;NA;NA;NA;NA;NA;NA;NA;NA;NA;NA;NA;NA;NA;NA;NA;NA;NA;NA;NA;NA;NA;NA;NA;NA;NA;NA;NA;NA;166;7500;0;0;1908;1290;1425;1101;498;341;237;109;48;23;35;NA;NA;NA;NA;NA;NA;NA;NA;NA;NA;NA;NA;NA;NA;NA;NA;NA;NA;NA;NA;NA;NA;NA;NA;NA;NA;NA;NA;NA;NA;NA;NA;NA;NA;NA;NA;NA;NA;NA;NA;NA;NA;NA;NA;NA;NA;NA;NA;NA;NA;NA;123;13;NA;0;NA;NA;NA
04100000000;Main-Kinzig II;WK;NA;NA;101270;NA;NA;NA;6908;1504;6,82136861854448;NA;177;6731;0;0;1687;1038;1327;928;465;337;204;NA;80;NA;NA;NA;NA;NA;NA;NA;NA;NA;NA;NA;NA;NA;NA;NA;NA;NA;NA;NA;NA;NA;NA;NA;NA;NA;NA;NA;NA;NA;NA;NA;NA;NA;NA;NA;NA;NA;NA;NA;NA;NA;NA;NA;NA;NA;NA;NA;NA;NA;155;6753;0;0;1535;1191;1153;935;460;361;165;85;48;22;20;NA;NA;NA;NA;NA;NA;NA;NA;NA;NA;NA;NA;NA;NA;NA;NA;NA;NA;NA;NA;NA;NA;NA;NA;NA;NA;NA;NA;NA;NA;NA;NA;NA;NA;NA;NA;NA;NA;NA;NA;NA;NA;NA;NA;NA;NA;NA;NA;NA;NA;NA;144;15;NA;0;NA;NA;NA
04200000000;Main-Kinzig III;WK;NA;NA;98858;NA;NA;NA;7373;1843;7,45817232798560;NA;206;7167;0;0;1904;1021;1381;1107;423;280;358;NA;NA;NA;58;NA;NA;NA;NA;NA;NA;NA;NA;NA;NA;NA;NA;NA;NA;NA;NA;NA;NA;NA;NA;NA;NA;NA;NA;NA;NA;NA;NA;NA;NA;NA;NA;NA;NA;NA;NA;NA;NA;NA;NA;NA;NA;NA;NA;NA;NA;NA;168;7205;0;0;1843;1070;1196;1156;449;305;282;72;46;20;32;NA;NA;NA;NA;NA;NA;NA;NA;NA;NA;NA;NA;NA;NA;NA;NA;NA;NA;NA;NA;NA;NA;NA;NA;NA;NA;NA;NA;NA;NA;NA;NA;NA;NA;NA;NA;NA;NA;NA;NA;NA;NA;NA;NA;NA;NA;NA;NA;NA;NA;NA;144;15;NA;0;NA;NA;NA
04300000000;Offenbach-Stadt;WK;NA;NA;66776;NA;NA;NA;4289;997;6,42296633521025;NA;91;4198;0;0;945;1155;787;535;241;348;117;NA;NA;52;NA;NA;NA;NA;NA;NA;NA;NA;NA;NA;NA;NA;NA;NA;NA;NA;NA;NA;NA;NA;NA;NA;NA;NA;NA;NA;NA;NA;NA;NA;NA;NA;NA;NA;NA;NA;NA;NA;NA;NA;NA;NA;NA;NA;NA;NA;NA;NA;85;4204;0;0;914;973;760;564;272;437;96;49;35;30;7;NA;NA;NA;NA;NA;NA;NA;NA;NA;NA;NA;NA;NA;NA;NA;NA;NA;NA;NA;NA;NA;NA;NA;NA;NA;NA;NA;NA;NA;NA;NA;NA;NA;NA;NA;NA;NA;NA;NA;NA;NA;NA;NA;NA;NA;NA;NA;NA;NA;NA;NA;103;11;NA;0;NA;NA;NA
04400000000;Offenbach Land I;WK;NA;NA;85153;NA;NA;NA;6348;1491;7,45481662419410;NA;153;6195;0;0;1832;1351;1178;684;464;334;229;NA;NA;49;NA;NA;NA;NA;NA;NA;NA;NA;NA;NA;NA;NA;NA;NA;NA;NA;NA;NA;NA;NA;NA;NA;NA;NA;NA;NA;NA;NA;NA;NA;NA;NA;NA;NA;NA;NA;NA;NA;NA;NA;NA;NA;NA;NA;NA;NA;NA;NA;134;6214;0;0;1691;1464;1044;732;516;379;161;65;34;29;13;NA;NA;NA;NA;NA;NA;NA;NA;NA;NA;NA;NA;NA;NA;NA;NA;NA;NA;NA;NA;NA;NA;NA;NA;NA;NA;NA;NA;NA;NA;NA;NA;NA;NA;NA;NA;NA;NA;NA;NA;NA;NA;NA;NA;NA;NA;NA;NA;NA;NA;NA;130;14;NA;0;NA;NA;NA
04500000000;Offenbach Land II;WK;NA;NA;67242;NA;NA;NA;4959;1293;7,37485500133845;NA;120;4839;0;0;1652;856;844;658;272;231;254;NA;42;NA;NA;NA;NA;NA;NA;NA;NA;NA;NA;NA;NA;NA;NA;NA;NA;NA;NA;NA;NA;NA;NA;NA;NA;NA;NA;NA;NA;NA;NA;NA;NA;NA;NA;NA;NA;NA;NA;NA;NA;NA;NA;NA;NA;NA;NA;NA;NA;NA;109;4850;0;0;1423;968;800;689;355;267;177;50;27;18;10;NA;NA;NA;NA;NA;NA;NA;NA;NA;NA;NA;NA;NA;NA;NA;NA;NA;NA;NA;NA;NA;NA;NA;NA;NA;NA;NA;NA;NA;NA;NA;NA;NA;NA;NA;NA;NA;NA;NA;NA;NA;NA;NA;NA;NA;NA;NA;NA;NA;NA;NA;74;8;NA;0;NA;NA;NA
04600000000;Offenbach Land III;WK;NA;NA;84278;NA;NA;NA;6641;1780;7,87987375115689;NA;149;6492;0;0;2098;1237;1069;836;665;294;290;NA;NA;NA;NA;NA;NA;NA;NA;NA;NA;NA;NA;NA;NA;NA;NA;NA;NA;NA;NA;NA;NA;NA;NA;NA;NA;NA;NA;NA;NA;NA;NA;NA;NA;NA;NA;NA;NA;NA;NA;NA;NA;NA;NA;NA;NA;NA;NA;NA;NA;NA;146;6495;0;0;1931;1318;987;873;596;326;215;75;41;29;19;NA;NA;NA;NA;NA;NA;NA;NA;NA;NA;NA;NA;NA;NA;NA;NA;NA;NA;NA;NA;NA;NA;NA;NA;NA;NA;NA;NA;NA;NA;NA;NA;NA;NA;NA;NA;NA;NA;NA;NA;NA;NA;NA;NA;NA;NA;NA;NA;NA;NA;NA;109;11;NA;0;NA;NA;NA
04700000000;Groß-Gerau I;WK;NA;NA;82267;NA;NA;NA;5632;1156;6,84600143435399;NA;162;5470;0;0;1430;1001;1347;800;283;339;266;NA;NA;NA;NA;NA;NA;NA;NA;NA;NA;NA;NA;NA;NA;NA;NA;NA;NA;NA;NA;NA;NA;NA;NA;NA;NA;NA;NA;NA;NA;NA;NA;NA;NA;NA;NA;NA;NA;NA;NA;NA;NA;NA;NA;NA;NA;NA;NA;NA;NA;NA;152;5480;0;0;1347;1070;1177;815;316;372;164;68;28;25;9;NA;NA;NA;NA;NA;NA;NA;NA;NA;NA;NA;NA;NA;NA;NA;NA;NA;NA;NA;NA;NA;NA;NA;NA;NA;NA;NA;NA;NA;NA;NA;NA;NA;NA;NA;NA;NA;NA;NA;NA;NA;NA;NA;NA;NA;NA;NA;NA;NA;NA;NA;113;12;NA;0;NA;NA;NA
04800000000;Groß-Gerau II;WK;NA;NA;91858;NA;NA;NA;6911;1662;7,52356898691459;NA;174;6737;0;0;1806;1159;1768;812;389;394;405;NA;NA;NA;NA;NA;NA;NA;NA;NA;NA;NA;NA;NA;NA;NA;NA;NA;NA;NA;NA;NA;NA;NA;NA;NA;NA;NA;NA;NA;NA;NA;NA;NA;NA;NA;NA;NA;NA;NA;NA;NA;NA;NA;NA;NA;NA;NA;NA;NA;NA;NA;153;6758;0;0;1716;1321;1450;881;432;422;280;83;42;28;13;NA;NA;NA;NA;NA;NA;NA;NA;NA;NA;NA;NA;NA;NA;NA;NA;NA;NA;NA;NA;NA;NA;NA;NA;NA;NA;NA;NA;NA;NA;NA;NA;NA;NA;NA;NA;NA;NA;NA;NA;NA;NA;NA;NA;NA;NA;NA;NA;NA;NA;NA;116;12;NA;0;NA;NA;NA
04900000000;Darmstadt-Stadt I;WK;NA;NA;68007;NA;NA;NA;5238;1368;7,70214830826239;NA;99;5139;0;0;862;1606;1289;435;321;485;NA;NA;93;NA;45;NA;NA;NA;NA;NA;NA;NA;NA;NA;NA;NA;NA;NA;NA;NA;NA;NA;NA;NA;NA;NA;NA;NA;NA;NA;NA;NA;NA;NA;NA;NA;NA;NA;NA;NA;NA;NA;NA;NA;NA;NA;NA;NA;NA;NA;NA;NA;79;5159;0;0;924;1608;896;452;339;610;79;40;61;44;30;NA;NA;NA;NA;NA;NA;NA;NA;NA;NA;NA;NA;NA;NA;NA;NA;NA;NA;NA;NA;NA;NA;NA;NA;NA;NA;NA;NA;NA;NA;NA;NA;NA;NA;NA;NA;NA;NA;NA;NA;NA;NA;NA;NA;NA;NA;NA;NA;NA;NA;NA;98;10;NA;0;NA;NA;NA
05000000000;Darmstadt-Stadt II;WK;NA;NA;71854;NA;NA;NA;5712;1400;7,94945305758900;NA;138;5574;0;0;1704;1578;1946;695;474;492;59;NA;NA;NA;NA;NA;NA;NA;NA;NA;NA;NA;NA;NA;NA;NA;NA;NA;NA;NA;NA;NA;NA;NA;NA;NA;NA;NA;NA;NA;NA;NA;NA;NA;NA;NA;NA;NA;NA;NA;NA;NA;NA;NA;NA;NA;NA;NA;NA;NA;NA;NA;101;5611;0;0;1634;1760;1396;724;491;556;143;71;48;41;27;NA;NA;NA;NA;NA;NA;NA;NA;NA;NA;NA;NA;NA;NA;NA;NA;NA;NA;NA;NA;NA;NA;NA;NA;NA;NA;NA;NA;NA;NA;NA;NA;NA;NA;NA;NA;NA;NA;NA;NA;NA;NA;NA;NA;NA;NA;NA;NA;NA;NA;NA;122;13;NA;0;NA;NA;NA
05100000000;Darmstadt-Dieburg I;WK;NA;NA;85545;NA;NA;NA;6533;1609;7,63691624291309;NA;156;6377;0;0;1575;1213;1708;686;406;311;227;NA;NA;NA;NA;NA;NA;NA;NA;NA;NA;NA;NA;NA;NA;NA;NA;NA;NA;NA;NA;NA;NA;NA;NA;NA;NA;NA;NA;NA;NA;NA;NA;NA;NA;NA;NA;NA;NA;NA;NA;NA;NA;NA;NA;NA;NA;NA;NA;NA;NA;NA;139;6394;0;0;1534;1344;1281;744;453;371;163;72;41;32;16;NA;NA;NA;NA;NA;NA;NA;NA;NA;NA;NA;NA;NA;NA;NA;NA;NA;NA;NA;NA;NA;NA;NA;NA;NA;NA;NA;NA;NA;NA;NA;NA;NA;NA;NA;NA;NA;NA;NA;NA;NA;NA;NA;NA;NA;NA;NA;NA;NA;NA;NA;97;10;NA;0;NA;NA;NA
05200000000;Darmstadt-Dieburg II;WK;NA;NA;93564;NA;NA;NA;7243;1806;7,74122525757770;NA;184;7059;0;0;1806;1094;1359;702;405;307;252;NA;NA;NA;NA;NA;NA;NA;NA;NA;NA;NA;NA;NA;NA;NA;NA;NA;NA;NA;NA;NA;NA;NA;NA;NA;NA;NA;NA;NA;NA;NA;NA;NA;NA;NA;NA;NA;NA;NA;NA;NA;NA;NA;NA;NA;NA;NA;NA;NA;NA;NA;165;7078;0;0;1703;1193;1105;771;429;335;173;61;37;31;14;NA;NA;NA;NA;NA;NA;NA;NA;NA;NA;NA;NA;NA;NA;NA;NA;NA;NA;NA;NA;NA;NA;NA;NA;NA;NA;NA;NA;NA;NA;NA;NA;NA;NA;NA;NA;NA;NA;NA;NA;NA;NA;NA;NA;NA;NA;NA;NA;NA;NA;NA;90;9;NA;0;NA;NA;NA
05300000000;Odenwald;WK;NA;NA;70409;NA;NA;NA;5146;1389;7,30872473689443;NA;161;4985;0;0;1666;872;1616;839;546;327;NA;NA;NA;NA;NA;NA;NA;NA;NA;NA;NA;NA;NA;NA;NA;NA;NA;NA;NA;NA;NA;NA;NA;NA;NA;NA;NA;NA;NA;NA;NA;NA;NA;NA;NA;NA;NA;NA;NA;NA;NA;NA;NA;NA;NA;NA;NA;NA;NA;NA;NA;NA;147;4999;0;0;1565;929;1311;860;512;358;136;74;29;19;10;NA;NA;NA;NA;NA;NA;NA;NA;NA;NA;NA;NA;NA;NA;NA;NA;NA;NA;NA;NA;NA;NA;NA;NA;NA;NA;NA;NA;NA;NA;NA;NA;NA;NA;NA;NA;NA;NA;NA;NA;NA;NA;NA;NA;NA;NA;NA;NA;NA;NA;NA;159;17;NA;0;NA;NA;NA
05400000000;Bergstraße I;WK;NA;NA;99147;NA;NA;NA;6947;1906;7,00676772872603;NA;180;6767;0;0;2063;1096;1402;957;538;325;NA;NA;NA;NA;NA;NA;NA;NA;NA;NA;NA;NA;NA;NA;NA;NA;NA;NA;NA;NA;NA;NA;NA;NA;NA;NA;NA;NA;NA;NA;NA;NA;NA;NA;NA;NA;NA;NA;NA;NA;NA;NA;NA;NA;NA;NA;NA;NA;NA;NA;NA;NA;143;6804;0;0;1861;1256;1114;977;513;301;153;86;31;24;10;NA;NA;NA;NA;NA;NA;NA;NA;NA;NA;NA;NA;NA;NA;NA;NA;NA;NA;NA;NA;NA;NA;NA;NA;NA;NA;NA;NA;NA;NA;NA;NA;NA;NA;NA;NA;NA;NA;NA;NA;NA;NA;NA;NA;NA;NA;NA;NA;NA;NA;NA;109;11;NA;0;NA;NA;NA
05500000000;Bergstraße II;WK;NA;NA;97999;NA;NA;NA;7324;1750;7,47354564842498;NA;206;7118;0;0;2142;1389;1288;910;561;324;NA;NA;NA;NA;NA;NA;NA;NA;NA;NA;NA;NA;NA;NA;NA;NA;NA;NA;NA;NA;NA;NA;NA;NA;NA;NA;NA;NA;NA;NA;NA;NA;NA;NA;NA;NA;NA;NA;NA;NA;NA;NA;NA;NA;NA;NA;NA;NA;NA;NA;NA;NA;160;7164;0;0;1943;1409;1114;894;550;313;197;77;34;24;15;NA;NA;NA;NA;NA;NA;NA;NA;NA;NA;NA;NA;NA;NA;NA;NA;NA;NA;NA;NA;NA;NA;NA;NA;NA;NA;NA;NA;NA;NA;NA;NA;NA;NA;NA;NA;NA;NA;NA;NA;NA;NA;NA;NA;NA;NA;NA;NA;NA;NA;NA;138;15;NA;0;NA;NA;NA
